{
    "mes":1,
    "ano":2021,
    "pis":0.58,
    "cofins":2.66,
    "icms":25.00,
    "cip":19.14,
    "te":0.25836000,
    "tusd":0.31461000
}
