{
    "consumo":232,
    "mes":5,
    "ano":2020,
    "pis":0.53,
    "cofins":2.42,
    "icms":25.00,
    "cip":19.14,
    "te":0.26124001,
    "tusd":0.26449001
}
