{
    "mes":6,
    "ano":2020,
    "pis":0.77,
    "cofins":3.57,
    "icms":25.00,
    "cip":19.14,
    "te":0.26124001,
    "tusd":0.26449001
}
